City_ID,City,Country,Date,Lat,Lng,Max Temp (C),Humidity (%),Cloudiness (%),Wind Speed (mph)
0,Bethel,US,2023-03-09 21:01:40,41.3712,-73.414,9.41,51,36,2.24
1,Nelson,NZ,2023-03-09 21:01:40,-41.2833,173.2833,18.39,82,71,1.13
2,Puerto Ayora,EC,2023-03-09 21:01:31,-0.7393,-90.3518,26.97,89,98,5.81
3,Miyoshi City,JP,2023-03-09 21:00:27,35.0833,137.0667,14.32,72,80,1.06
4,Maniitsoq,GL,2023-03-09 21:01:41,65.4167,-52.9,-7.58,74,2,3.95
5,Leningradskiy,RU,2023-03-09 21:01:41,69.3833,178.4167,-13.43,86,26,2.48
6,Port Alfred,ZA,2023-03-09 21:01:41,-33.5906,26.891,21.23,80,71,1.96
7,Butaritari,KI,2023-03-09 21:01:41,3.0707,172.7902,27.16,77,100,5.25
8,Gigmoto,PH,2023-03-09 21:01:41,13.7796,124.39,24.36,82,43,5.33
9,Ancud,CL,2023-03-09 21:01:41,-41.8697,-73.8203,11.99,96,100,3.87
10,New Norfolk,AU,2023-03-09 21:01:41,-42.7826,147.0587,14.72,75,100,0.45
11,Marawi,PH,2023-03-09 21:01:42,7.9986,124.2928,19.42,97,55,0.73
12,Khatanga,RU,2023-03-09 21:01:42,71.9667,102.5,-25.94,97,100,4.85
13,Atuona,PF,2023-03-09 21:01:42,-9.8,-139.0333,26.39,75,4,2.91
14,Kungurtug,RU,2023-03-09 21:01:42,50.5994,97.5228,-15.26,97,100,0.29
15,East London,ZA,2023-03-09 20:57:25,-33.0153,27.9116,23.05,75,85,1.95
16,Hithadhoo,MV,2023-03-09 21:01:42,-0.6,73.0833,27.42,72,90,0.4
17,Raudeberg,NO,2023-03-09 21:01:43,61.9875,5.1352,-5.63,57,0,3.22
18,Tanout,NE,2023-03-09 21:01:43,14.9709,8.8879,28.68,11,64,4.71
19,Tubmanburg,LR,2023-03-09 21:01:43,6.8708,-10.8172,25.57,83,61,1.7
20,Ugoofaaru,MV,2023-03-09 21:01:43,5.6667,73.0,27.39,73,28,5.98
21,Sohag,EG,2023-03-09 21:01:44,26.557,31.6948,19.9,24,0,2.55
22,Chui,UY,2023-03-09 21:01:44,-33.6971,-53.4616,24.23,67,0,4.79
23,Yakeshi,CN,2023-03-09 21:01:44,49.2833,120.7333,-4.32,89,100,4.77
24,Guerrero Negro,MX,2023-03-09 21:01:02,27.9769,-114.0611,17.39,58,24,6.49
25,North Bend,US,2023-03-09 21:01:44,43.4065,-124.2243,8.29,95,100,4.11
26,Marrakesh,MA,2023-03-09 20:59:27,31.6315,-8.0083,21.04,52,0,4.63
27,Kotel'nich,RU,2023-03-09 21:01:44,58.3089,48.348,-2.54,97,100,1.55
28,Longyearbyen,SJ,2023-03-09 21:01:45,78.2186,15.6401,-14.09,66,75,11.32
29,Coyhaique,CL,2023-03-09 21:01:45,-45.5752,-72.0662,13.67,75,69,4.31
30,Katsuura,JP,2023-03-09 21:01:45,35.1333,140.3,17.01,74,100,9.46
31,Plettenberg Bay,ZA,2023-03-09 21:00:46,-34.0527,23.3716,18.01,85,67,0.87
32,Ribeira Grande,PT,2023-03-09 21:01:45,38.5167,-28.7,18.22,94,75,12.07
33,Clyde River,CA,2023-03-09 21:01:45,70.4692,-68.5914,-17.96,86,5,1.81
34,Kapaa,US,2023-03-09 21:01:46,22.0752,-159.319,25.26,48,7,2.24
35,Collie,AU,2023-03-09 21:01:46,-33.3667,116.15,13.24,99,99,1.62
36,Aklavik,CA,2023-03-09 21:01:46,68.2191,-135.0107,-13.0,78,100,10.29
37,Marsh Harbour,BS,2023-03-09 21:01:46,26.5412,-77.0636,21.26,57,0,5.42
38,Bluff,NZ,2023-03-09 21:01:47,-46.6,168.3333,13.58,77,48,6.01
39,Airai,TL,2023-03-09 21:01:47,-8.9266,125.4092,15.1,84,38,0.51
40,Esmeralda,CU,2023-03-09 21:01:47,21.8525,-78.1169,26.63,47,98,6.47
41,Hilo,US,2023-03-09 21:01:47,19.7297,-155.09,27.57,71,4,1.34
42,Barrow,US,2023-03-09 21:01:48,71.2906,-156.7887,-22.99,77,0,3.6
43,Lebu,CL,2023-03-09 21:01:48,-37.6167,-73.65,15.43,78,100,2.06
44,Yuncheng,CN,2023-03-09 21:01:48,35.0231,110.9928,14.97,17,13,1.09
45,Saint-Philippe,RE,2023-03-09 21:01:48,-21.3585,55.7679,22.84,91,100,4.31
46,Pasni,PK,2023-03-09 21:01:48,25.2631,63.471,23.89,66,31,3.31
47,Sechura,PE,2023-03-09 21:01:48,-5.5569,-80.8222,26.28,77,100,9.08
48,Kruisfontein,ZA,2023-03-09 21:01:48,-34.0033,24.7314,16.63,84,0,1.75
49,Hobart,AU,2023-03-09 20:59:31,-42.8794,147.3294,14.92,76,75,7.2
50,Santa María del Oro,MX,2023-03-09 21:01:49,25.9333,-105.3667,27.95,8,95,2.0
51,Seoul,KR,2023-03-09 20:57:59,37.5683,126.9778,4.76,100,100,1.03
52,Rikitea,PF,2023-03-09 21:01:50,-23.1203,-134.9692,25.73,79,78,4.58
53,Ushuaia,AR,2023-03-09 21:01:50,-54.8,-68.3,7.7,94,100,2.56
54,Hermanus,ZA,2023-03-09 21:01:50,-34.4187,19.2345,16.0,80,34,1.69
55,Punta Arenas,CL,2023-03-09 21:01:17,-53.15,-70.9167,7.99,81,98,3.74
56,Tura,IN,2023-03-09 21:01:51,25.5198,90.2201,20.03,35,33,1.06
57,Vila Velha,BR,2023-03-09 20:56:24,-20.3297,-40.2925,28.97,82,20,6.69
58,Daru,PG,2023-03-09 21:01:51,-9.0763,143.2092,24.94,89,98,2.73
59,Mar del Plata,AR,2023-03-09 20:57:17,-38.0023,-57.5575,26.01,76,0,4.63
60,Avarua,CK,2023-03-09 21:01:52,-21.2078,-159.775,26.03,89,75,2.06
61,Naryan-Mar,RU,2023-03-09 21:00:53,67.6713,53.087,-7.4,94,100,4.63
62,Saint Paul Harbor,US,2023-03-09 21:01:52,57.79,-152.4072,3.87,76,3,3.92
63,Sungai Penuh,ID,2023-03-09 21:01:52,-2.0833,101.3833,17.68,96,95,1.47
64,Fukuechō,JP,2023-03-09 21:01:52,32.6881,128.8419,14.6,86,23,2.32
65,Menongue,AO,2023-03-09 21:01:52,-14.6585,17.691,19.04,82,85,1.22
66,Luorong,CN,2023-03-09 21:01:52,24.4058,109.6086,20.59,58,1,1.27
67,Kyrylivka,UA,2023-03-09 21:01:53,46.3759,35.3675,7.43,82,2,5.45
68,Conceição do Araguaia,BR,2023-03-09 21:01:53,-8.2578,-49.2647,25.47,85,100,1.28
69,Yellowknife,CA,2023-03-09 21:01:53,62.456,-114.3525,-10.73,90,100,5.73
70,Santa Maria,BR,2023-03-09 21:01:53,-29.6842,-53.8069,31.77,36,59,2.1
71,Pangnirtung,CA,2023-03-09 21:01:53,66.1451,-65.7125,-10.79,90,7,1.22
72,Rayong,TH,2023-03-09 21:01:53,12.8333,101.4333,25.46,85,2,0.99
73,Vaitape,PF,2023-03-09 21:01:53,-16.5167,-151.75,28.21,73,100,5.23
74,Muros,ES,2023-03-09 21:00:19,42.7762,-9.0603,14.49,88,100,7.48
75,Hasaki,JP,2023-03-09 20:59:14,35.7333,140.8333,15.68,72,100,9.64
76,Guilin,CN,2023-03-09 21:00:13,25.2819,110.2864,17.98,53,65,0.99
77,Andapa,MG,2023-03-09 21:01:54,-14.65,49.65,20.23,95,94,1.4
78,Richards Bay,ZA,2023-03-09 21:01:09,-28.783,32.0377,23.24,94,0,1.57
79,Albany,US,2023-03-09 21:01:54,42.6001,-73.9662,5.23,65,100,0.45
80,Arraial do Cabo,BR,2023-03-09 21:01:55,-22.9661,-42.0278,25.02,85,99,9.29
81,Saskylakh,RU,2023-03-09 21:01:55,71.9167,114.0833,-31.79,100,90,2.07
82,San Patricio,US,2023-03-09 21:01:55,28.017,-97.5169,30.1,48,44,8.15
83,Port Blair,IN,2023-03-09 21:01:55,11.6667,92.75,25.59,75,2,3.07
84,Sawtell,AU,2023-03-09 21:01:55,-30.3833,153.1,21.77,94,40,2.06
85,Castro,BR,2023-03-09 21:01:45,-24.7911,-50.0119,20.58,90,72,1.82
86,Busselton,AU,2023-03-09 21:01:56,-33.65,115.3333,15.65,92,100,3.14
87,Srednekolymsk,RU,2023-03-09 21:01:57,67.45,153.6833,-37.54,100,18,1.81
88,Mirador,BR,2023-03-09 21:01:57,-6.3708,-44.3631,28.9,55,98,1.62
89,Jamestown,US,2023-03-09 21:01:57,42.097,-79.2353,2.8,64,0,4.12
90,Kiryat Gat,IL,2023-03-09 21:01:57,31.61,34.7642,13.55,79,0,1.74
91,Tiksi,RU,2023-03-09 21:00:46,71.6872,128.8694,-33.37,99,55,1.55
92,Arroyo de la Encomienda,ES,2023-03-09 21:01:57,41.6096,-4.7969,11.19,77,20,8.75
93,Vanimo,PG,2023-03-09 21:01:57,-2.6741,141.3028,24.65,90,81,1.43
94,Lusambo,CD,2023-03-09 21:01:58,-4.9667,23.45,20.96,97,62,1.0
95,Youghal,IE,2023-03-09 21:01:58,51.95,-7.8506,2.56,100,100,11.52
96,Saint Anthony,US,2023-03-09 21:01:58,45.0205,-93.218,1.74,88,100,5.66
97,Ponta do Sol,PT,2023-03-09 21:01:59,32.6667,-17.1,21.67,91,45,0.3
98,Mount Gambier,AU,2023-03-09 21:01:59,-37.8333,140.7667,13.41,92,87,1.52
99,Niscemi,IT,2023-03-09 21:01:59,37.1486,14.3913,12.77,84,62,1.23
100,Vila Franca do Campo,PT,2023-03-09 21:02:01,37.7167,-25.4333,17.23,94,98,10.29
101,Belyy Yar,RU,2023-03-09 21:02:01,53.6039,91.3903,-8.06,82,40,4.0
102,Dikson,RU,2023-03-09 21:02:01,73.5069,80.5464,-23.77,99,99,7.32
103,Abhā,SA,2023-03-09 20:57:22,18.2164,42.5053,14.14,72,20,2.57
104,Tasiilaq,GL,2023-03-09 21:02:02,65.6145,-37.6368,-6.91,88,100,6.12
105,Padang,ID,2023-03-09 21:02:02,-0.9492,100.3543,24.43,87,97,1.87
106,George Town,MY,2023-03-09 20:57:10,5.4112,100.3354,26.96,83,20,2.06
107,Mataura,NZ,2023-03-09 21:02:02,-46.1927,168.8643,12.53,82,36,0.63
108,Bredasdorp,ZA,2023-03-09 21:02:02,-34.5322,20.0403,16.04,72,13,1.2
109,Nikolskoye,RU,2023-03-09 21:02:02,59.7035,30.7861,-13.06,98,64,1.58
110,Yumen,CN,2023-03-09 21:02:02,40.2833,97.2,3.6,51,93,3.63
111,Torbay,CA,2023-03-09 21:02:03,47.6666,-52.7314,0.16,90,75,12.35
112,Thompson,CA,2023-03-09 21:02:03,55.7435,-97.8558,-9.75,80,100,1.71
113,Mahajanga,MG,2023-03-09 20:58:42,-15.7167,46.3167,25.01,94,20,1.54
114,Yulara,AU,2023-03-09 21:02:03,-25.2406,130.9889,17.41,44,0,3.84
115,Reconquista,AR,2023-03-09 20:59:15,-29.15,-59.65,36.12,27,0,2.08
116,Terra Santa,BR,2023-03-09 21:02:03,-2.1042,-56.4869,28.27,83,77,0.23
117,Dedza,MW,2023-03-09 21:02:03,-14.3779,34.3332,15.23,94,100,0.55
118,Tromsø,NO,2023-03-09 21:01:12,69.6496,18.957,-4.79,80,100,5.66
119,Sieradz,PL,2023-03-09 20:57:24,51.5958,18.7302,0.38,95,98,2.78
120,Cape Town,ZA,2023-03-09 20:59:40,-33.9258,18.4232,17.29,90,75,2.06
121,Sur,OM,2023-03-09 21:02:04,22.5667,59.5289,23.19,53,16,3.73
122,São Filipe,CV,2023-03-09 21:03:26,14.8961,-24.4956,27.25,46,0,6.46
123,Fomboni,KM,2023-03-09 21:03:26,-12.28,43.7425,28.45,76,99,8.11
124,Rocha,UY,2023-03-09 21:03:26,-34.4833,-54.3333,24.8,58,0,4.43
125,Norman Wells,CA,2023-03-09 21:03:26,65.282,-126.8329,-15.9,83,100,1.26
126,Aykhal,RU,2023-03-09 21:03:16,66.0,111.5,-19.0,98,100,3.98
127,Lagoa,PT,2023-03-09 20:59:45,39.05,-27.9833,17.55,86,98,13.91
128,Matara,LK,2023-03-09 21:03:27,5.9485,80.5353,24.28,84,100,4.22
129,Hanna,CA,2023-03-09 21:03:27,51.6334,-111.9018,-13.97,82,100,3.13
130,Sandīla,IN,2023-03-09 21:03:27,27.0833,80.5167,19.2,30,0,1.47
131,Livramento,BR,2023-03-09 21:03:27,-3.0254,-60.1803,29.37,78,40,1.03
132,Chapais,CA,2023-03-09 21:03:27,49.7834,-74.8492,-2.47,92,100,3.96
133,Severo-Kuril'sk,RU,2023-03-09 21:03:27,50.6789,156.125,-4.15,84,76,3.12
134,Semey,KZ,2023-03-09 21:00:15,50.4111,80.2275,-4.31,84,18,2.31
135,Taoudenni,ML,2023-03-09 21:03:28,22.6783,-3.9836,29.41,8,27,4.59
136,Dolores,AR,2023-03-09 21:03:28,-36.3132,-57.6792,27.7,36,50,7.02
137,Faanui,PF,2023-03-09 21:03:28,-16.4833,-151.75,28.2,73,99,5.17
138,Vaini,TO,2023-03-09 21:03:28,-21.2,-175.2,25.52,56,37,5.56
139,Sand Springs,US,2023-03-09 21:03:28,36.1398,-96.1089,12.78,88,100,2.06
140,Brae,GB,2023-03-09 21:02:23,60.3964,-1.353,1.31,66,86,4.54
141,Vestmannaeyjar,IS,2023-03-09 21:03:29,63.4427,-20.2734,-1.93,51,100,5.67
142,Kirakira,SB,2023-03-09 21:03:29,-10.4544,161.9205,26.81,82,100,1.9
143,Sālūr,IN,2023-03-09 21:03:29,18.5333,83.2167,23.35,54,100,0.89
144,Opuwo,NA,2023-03-09 21:03:29,-18.0607,13.84,22.86,30,65,2.34
145,Te Anau,NZ,2023-03-09 21:03:29,-45.4167,167.7167,12.24,78,77,0.88
146,Misratah,LY,2023-03-09 21:02:49,32.3754,15.0925,18.74,58,0,3.31
147,Kieta,PG,2023-03-09 21:03:29,-6.2167,155.6333,26.0,82,100,0.97
148,Pajacuarán,MX,2023-03-09 21:03:29,20.1167,-102.5667,34.73,15,11,3.11
149,Badou,TG,2023-03-09 21:03:29,7.5833,0.6,25.01,84,100,1.15
150,Merauke,ID,2023-03-09 21:03:31,-8.4667,140.3333,26.04,87,96,3.38
151,Freeport,US,2023-03-09 21:03:31,40.6576,-73.5832,11.32,47,0,11.32
152,Lüderitz,NA,2023-03-09 21:01:14,-26.6481,15.1594,16.58,82,0,5.1
153,Akçaabat,TR,2023-03-09 21:02:59,41.0212,39.5715,12.93,58,40,2.57
154,Mahébourg,MU,2023-03-09 21:03:31,-20.4081,57.7,25.7,86,100,4.57
155,Tazovsky,RU,2023-03-09 21:01:49,67.4667,78.7,-20.56,90,84,5.27
156,Vila,PT,2023-03-09 21:03:31,42.0304,-8.1588,8.49,29,100,4.44
157,Verkh-Usugli,RU,2023-03-09 21:03:31,52.7,115.1667,-5.59,85,100,3.3
158,Paita,PE,2023-03-09 21:03:32,-5.0892,-81.1144,25.3,84,99,9.47
159,Saldanha,ZA,2023-03-09 21:03:32,-33.0117,17.9442,17.08,79,0,1.6
160,Qaanaaq,GL,2023-03-09 21:03:32,77.484,-69.3632,-12.92,62,2,3.61
161,Kavieng,PG,2023-03-09 21:03:32,-2.5744,150.7967,26.92,79,100,1.51
162,Putina,PE,2023-03-09 21:03:32,-15.4667,-69.4333,11.05,63,100,6.26
163,Viedma,AR,2023-03-09 21:03:30,-40.8135,-62.9967,22.84,41,100,4.5
164,Hong Kong,HK,2023-03-09 21:00:13,22.2855,114.1577,21.29,84,18,0.45
165,Kununurra,AU,2023-03-09 21:03:32,-15.7667,128.7333,23.99,94,40,0.0
166,Pisco,PE,2023-03-09 21:03:33,-13.7,-76.2167,28.03,65,0,8.23
167,Codrington,AU,2023-03-09 21:03:33,-38.2667,141.9667,14.84,91,100,2.29
168,Ossora,RU,2023-03-09 21:03:33,59.2353,163.0719,-12.78,92,97,2.29
169,Ilulissat,GL,2023-03-09 21:01:00,69.2167,-51.1,-7.99,49,0,3.09
170,Lata,PT,2023-03-09 21:03:34,40.1629,-8.3327,15.04,91,98,3.31
171,Provideniya,RU,2023-03-09 21:03:34,64.3833,-173.3,-13.94,78,0,1.0
172,Ürümqi,CN,2023-03-09 21:03:29,43.801,87.6005,-0.47,86,0,2.0
173,Chokurdakh,RU,2023-03-09 21:03:34,70.6333,147.9167,-31.8,99,97,2.06
174,Pavlogradka,RU,2023-03-09 21:03:34,54.2024,73.5592,-7.09,81,93,5.74
175,Rawson,AR,2023-03-09 21:03:34,-43.3002,-65.1023,21.86,38,100,5.95
176,Tuktoyaktuk,CA,2023-03-09 21:03:34,69.4541,-133.0374,-21.0,71,75,4.63
177,Chumikan,RU,2023-03-09 21:03:35,54.7183,135.315,-16.07,98,100,0.95
178,Babylon,US,2023-03-09 21:03:35,40.6957,-73.3257,10.68,46,0,6.69
179,Esperance,AU,2023-03-09 21:03:35,-33.8667,121.9,17.42,86,99,2.86
180,Kulhudhuffushi,MV,2023-03-09 21:03:35,6.6221,73.07,27.1,77,12,4.01
181,Port Antonio,JM,2023-03-09 21:03:35,18.18,-76.4612,30.0,60,76,3.11
182,Deputatsky,RU,2023-03-09 21:00:05,69.3,139.9,-34.18,90,11,1.81
183,Kvitok,RU,2023-03-09 21:03:35,56.0724,98.4813,-17.77,91,100,4.65
184,Caucaia,BR,2023-03-09 20:59:05,-3.7361,-38.6531,27.97,77,20,5.14
185,Tuatapere,NZ,2023-03-09 21:03:36,-46.1333,167.6833,13.66,70,82,1.66
186,Paphos,CY,2023-03-09 21:02:10,34.7667,32.4167,12.88,76,0,3.09
187,Urengoy,RU,2023-03-09 21:01:49,65.9667,78.3667,-20.69,91,21,5.97
188,Koboko,UG,2023-03-09 21:03:36,3.4136,30.9599,22.77,44,93,1.81
189,Petropavlovsk-Kamchatskiy,RU,2023-03-09 21:02:09,53.0452,158.6483,-14.67,78,0,3.0
190,Touros,BR,2023-03-09 21:03:36,-5.1989,-35.4608,27.09,76,100,7.29
191,Pevek,RU,2023-03-09 21:01:27,69.7008,170.3133,-19.78,97,100,1.2
192,Souillac,MU,2023-03-09 21:03:36,-20.5167,57.5167,25.99,89,99,4.15
193,Crystal Beach,CA,2023-03-09 21:03:37,42.8699,-79.0583,4.01,72,90,2.24
194,Kaeo,NZ,2023-03-09 21:03:37,-35.1,173.7833,21.29,96,100,5.67
195,Joroan,PH,2023-03-09 21:03:37,13.4885,123.6189,22.78,85,31,3.33
196,Port Hardy,CA,2023-03-09 21:03:37,50.6996,-127.4199,6.18,54,1,3.15
197,Alta Floresta,BR,2023-03-09 21:03:37,-9.8756,-56.0861,25.68,83,99,0.62
198,Vao,NC,2023-03-09 21:03:37,-22.6667,167.4833,25.28,65,64,4.37
199,Tshikapa,CD,2023-03-09 21:03:37,-6.4167,20.8,21.56,96,100,0.64
200,Mérida,MX,2023-03-09 21:00:10,20.9667,-89.6167,32.79,45,0,6.26
201,Mezen',RU,2023-03-09 21:03:39,65.8522,44.24,-12.21,90,100,3.16
202,Krasnosel'kup,RU,2023-03-09 21:03:39,65.7,82.4667,-22.99,95,77,5.97
203,Umm Bāb,QA,2023-03-09 21:03:39,25.2142,50.8072,23.92,48,99,5.8
204,Mingshui,CN,2023-03-09 21:03:39,36.7167,117.5,13.96,23,12,4.78
205,Kangaatsiaq,GL,2023-03-09 21:03:39,68.3065,-53.4641,-14.98,98,100,3.8
206,Ndélé,CF,2023-03-09 21:03:40,8.4109,20.6473,27.1,21,100,0.74
207,Lonato,IT,2023-03-09 20:59:21,45.4648,10.4739,12.79,77,40,2.06
208,Upernavik,GL,2023-03-09 21:03:40,72.7868,-56.1549,-21.36,87,15,0.77
209,Abu Samrah,SY,2023-03-09 21:03:40,35.3029,37.1841,9.73,85,0,3.98
210,Vilyuysk,RU,2023-03-09 21:03:40,63.7553,121.6247,-13.08,92,100,5.25
211,Havre-St-Pierre,CA,2023-03-09 21:03:40,50.2334,-63.5986,1.36,72,77,4.04
212,Ibrā’,OM,2023-03-09 21:03:40,22.6906,58.5334,19.09,46,19,0.52
213,Sitka,US,2023-03-09 21:03:41,57.0531,-135.33,0.94,40,75,3.09
214,Rosarito,MX,2023-03-09 21:03:41,32.3333,-117.0333,21.24,56,23,4.66
215,Kaniama,CD,2023-03-09 21:03:41,-7.5667,24.1833,20.24,93,100,0.35
216,Netrakona,BD,2023-03-09 21:03:41,24.8833,90.7167,20.79,35,68,2.51
217,Beidao,CN,2023-03-09 21:01:59,34.5686,105.8933,11.39,71,100,0.67
218,Myitkyina,MM,2023-03-09 21:03:41,25.3833,97.4,19.2,42,99,0.74
219,College,US,2023-03-09 21:03:41,64.8569,-147.8028,-3.01,88,100,5.14
220,Astoria,US,2023-03-09 21:02:00,46.1879,-123.8313,5.94,78,100,8.23
221,Zhezkazgan,KZ,2023-03-09 21:03:42,47.8043,67.7144,-7.1,91,100,3.47
222,Narsaq,GL,2023-03-09 21:03:42,60.9167,-46.05,2.12,71,100,4.0
223,Tabas,IR,2023-03-09 21:03:42,33.5959,56.9244,21.46,41,100,2.75
224,Tsovagyugh,AM,2023-03-09 21:03:42,40.6303,44.9574,-1.37,68,86,2.26
225,Wanaka,NZ,2023-03-09 21:03:42,-44.7,169.15,14.5,75,6,1.34
226,Caravelas,BR,2023-03-09 21:03:42,-17.7125,-39.2481,25.68,79,100,2.84
227,Strezhevoy,RU,2023-03-09 21:01:59,60.7333,77.5889,-15.87,89,74,6.66
228,Saint George,US,2023-03-09 21:01:12,37.1041,-113.5841,17.46,23,0,3.6
229,Makurdi,NG,2023-03-09 21:03:42,7.7411,8.5121,33.09,42,100,4.44
230,Nouadhibou,MR,2023-03-09 21:00:21,20.931,-17.0347,19.76,70,0,10.1
231,Bathsheba,BB,2023-03-09 21:03:42,13.2167,-59.5167,27.34,74,40,3.6
232,Kumul,CN,2023-03-09 21:03:43,42.8,93.45,6.85,29,98,4.72
233,Ulladulla,AU,2023-03-09 21:02:13,-35.35,150.4667,14.63,62,0,2.02
234,Seymchan,RU,2023-03-09 21:03:43,62.8833,152.4333,-36.59,100,56,0.56
235,Carnarvon,AU,2023-03-09 21:03:43,-24.8667,113.6333,23.54,66,0,8.97
236,Mossamedes,AO,2023-03-09 21:03:43,-15.1961,12.1522,22.41,70,7,0.87
237,Las Palmas,ES,2023-03-09 21:02:01,28.4204,-14.0131,17.44,88,0,6.69
238,Tutóia,BR,2023-03-09 21:03:43,-2.7619,-42.2744,26.61,79,100,4.96
239,Haines Junction,CA,2023-03-09 21:03:43,60.7522,-137.5108,-6.33,91,100,0.79
240,Liverpool,GB,2023-03-09 20:54:16,53.4106,-2.9779,2.86,94,100,10.29
241,Geraldton,AU,2023-03-09 21:03:44,-28.7667,114.6,17.23,77,40,1.54
242,Wagar,SD,2023-03-09 21:03:44,16.1525,36.2032,24.04,42,68,5.1
243,Calama,CL,2023-03-09 21:03:44,-22.4667,-68.9333,23.27,38,20,10.29
244,Praia,CV,2023-03-09 21:00:15,14.9215,-23.5087,24.13,66,0,6.19
245,Grand-Santi,GF,2023-03-09 21:03:44,4.25,-54.3833,26.73,80,94,1.23
246,Adré,TD,2023-03-09 21:03:44,13.4667,22.2,26.24,11,82,8.25
247,Kilimatinde,TZ,2023-03-09 21:03:45,-5.85,34.95,19.12,90,97,3.14
248,Hofn,IS,2023-03-09 21:01:05,64.2539,-15.2082,-4.1,65,70,9.43
249,Paraúna,BR,2023-03-09 21:03:45,-16.9478,-50.4486,23.48,86,96,1.05
250,Lompoc,US,2023-03-09 21:03:46,34.6391,-120.4579,18.08,76,95,8.05
251,Abu Dhabi,AE,2023-03-09 20:55:46,24.4667,54.3667,28.01,36,0,3.09
252,Rome,US,2023-03-09 20:57:37,43.2128,-75.4557,2.75,69,100,1.34
253,Linjiang,CN,2023-03-09 21:03:46,41.8069,126.9078,2.01,84,7,1.17
254,Umm Hājar,TD,2023-03-09 21:03:46,13.2954,19.6966,31.11,9,100,8.78
255,Grindavik,IS,2023-03-09 21:03:46,63.8424,-22.4338,-2.74,59,40,10.8
256,Cayenne,GF,2023-03-09 21:03:46,4.9333,-52.3333,29.02,65,0,5.14
257,Jiazi,CN,2023-03-09 21:03:47,22.8779,116.067,17.62,67,0,4.5
258,Namatanai,PG,2023-03-09 21:03:47,-3.6667,152.4333,25.9,84,100,1.97
259,Cabo San Lucas,MX,2023-03-09 21:03:47,22.8909,-109.9124,27.56,49,75,4.12
260,Santiago del Estero,AR,2023-03-09 21:02:31,-27.7951,-64.2615,36.06,29,0,5.36
261,Kahului,US,2023-03-09 21:03:47,20.8947,-156.47,27.01,48,20,5.14
262,Cardoso,BR,2023-03-09 21:03:47,-20.0819,-49.9142,25.39,80,57,1.93
263,Aquiraz,BR,2023-03-09 21:03:47,-3.9014,-38.3911,28.05,81,92,4.78
264,Mt. Pleasant,US,2023-03-09 21:03:47,32.7941,-79.8626,20.73,51,0,3.09
265,Kedrovyy,RU,2023-03-09 21:03:48,56.1667,91.8167,-21.77,100,100,1.34
266,Coquimbo,CL,2023-03-09 20:58:59,-29.9533,-71.3436,21.85,68,0,4.12
267,Ola,RU,2023-03-09 21:03:48,59.5833,151.2833,-23.88,94,33,2.84
268,Mayo,US,2023-03-09 21:03:48,38.8876,-76.5119,13.95,42,0,4.63
269,Chernyshevskiy,RU,2023-03-09 21:03:48,63.0128,112.4714,-12.5,96,100,2.26
270,San Ignacio,BZ,2023-03-09 21:03:03,17.1561,-89.0714,34.08,40,20,3.09
271,Bambous Virieux,MU,2023-03-09 21:03:48,-20.3428,57.7575,25.68,85,100,4.54
272,Klaksvík,FO,2023-03-09 21:03:48,62.2266,-6.589,-1.49,59,100,6.79
273,Sunrise Manor,US,2023-03-09 21:03:48,36.2111,-115.0731,18.26,18,0,3.6
274,Port-Gentil,GA,2023-03-09 21:01:06,-0.7193,8.7815,26.98,94,20,3.09
275,Naze,JP,2023-03-09 21:03:49,28.3667,129.4833,14.51,78,11,3.21
276,Fort-Shevchenko,KZ,2023-03-09 21:03:49,44.5086,50.263,8.31,92,100,6.14
277,Dingle,PH,2023-03-09 21:03:49,10.9995,122.6711,23.23,91,0,2.75
278,Oranjemund,NA,2023-03-09 21:03:49,-28.55,16.4333,17.14,84,0,3.47
279,Mount Isa,AU,2023-03-09 21:03:49,-20.7333,139.5,19.87,100,75,4.63
280,Hualmay,PE,2023-03-09 21:03:49,-11.0964,-77.6139,25.67,69,81,4.11
281,Launceston,AU,2023-03-09 21:03:49,-41.45,147.1667,13.78,87,100,4.12
282,Port Shepstone,ZA,2023-03-09 21:03:49,-30.7414,30.455,23.53,86,23,2.66
283,Meulaboh,ID,2023-03-09 21:03:50,4.1363,96.1285,23.91,90,86,1.88
284,Beni Mazar,EG,2023-03-09 21:03:50,28.4962,30.8029,19.18,25,0,2.09
285,Saint-Augustin,CA,2023-03-09 21:03:50,51.226,-58.6502,0.81,70,99,7.3
286,Kaitangata,NZ,2023-03-09 21:03:50,-46.2817,169.8464,13.19,77,12,2.06
287,Tigil',RU,2023-03-09 21:03:50,57.8,158.6667,-25.06,100,100,1.56
288,Yangi Marg`ilon,UZ,2023-03-09 21:03:50,40.4272,71.7189,10.4,87,94,1.03
289,Cidreira,BR,2023-03-09 21:03:50,-30.1811,-50.2056,26.09,79,3,3.83
290,Llallagua,BO,2023-03-09 21:03:50,-18.4167,-66.6333,11.01,61,91,5.63
291,Ostrovnoy,RU,2023-03-09 21:03:50,68.0531,39.5131,-14.99,97,100,3.95
292,Namtsy,RU,2023-03-09 21:03:51,62.7161,129.6658,-18.82,97,99,3.29
293,Inírida,CO,2023-03-09 21:03:51,3.8653,-67.9239,27.25,88,97,0.74
294,Yar-Sale,RU,2023-03-09 21:03:51,66.8333,70.8333,-15.27,91,100,8.59
295,Kandrian,PG,2023-03-09 21:03:51,-6.2167,149.55,25.52,87,96,2.68
296,Bengkulu,ID,2023-03-09 21:03:51,-3.8004,102.2655,23.44,91,46,1.88
297,Assiut,EG,2023-03-09 21:03:51,27.181,31.1837,19.7,24,0,3.16
298,Ucluelet,CA,2023-03-09 21:03:51,48.9329,-125.5528,9.49,63,100,0.45
299,Fort Morgan,US,2023-03-09 21:03:51,40.2503,-103.8,11.36,24,40,6.69
300,Altagracia de Orituco,VE,2023-03-09 21:03:54,9.8601,-66.3814,28.54,55,100,4.04
301,‘Āhuimanu,US,2023-03-09 21:03:54,21.4447,-157.8378,25.84,45,20,7.2
302,Shingū,JP,2023-03-09 21:03:54,33.7333,135.9833,13.03,87,100,2.45
303,Huarmey,PE,2023-03-09 21:03:54,-10.0681,-78.1522,25.74,71,100,3.21
304,Uyemskiy,RU,2023-03-09 21:03:54,64.4743,40.8524,-13.97,85,0,3.0
305,Kushmurun,KZ,2023-03-09 21:03:54,52.4503,64.6311,-10.21,90,98,5.18
306,Roald,NO,2023-03-09 21:03:54,62.5833,6.1333,-4.03,68,0,4.63
307,Numan,NG,2023-03-09 21:03:55,9.4667,12.0333,31.07,12,100,2.03
308,Zabul Province,AF,2023-03-09 21:03:55,32.25,67.25,12.41,39,100,2.61
309,Saint-Leu,RE,2023-03-09 21:03:55,-21.15,55.2833,24.46,97,92,2.2
310,Fuling,CN,2023-03-09 21:03:55,29.7022,107.3919,18.19,69,100,1.47
311,Rancho Palos Verdes,US,2023-03-09 21:03:55,33.7445,-118.387,21.54,63,40,5.14
312,Hambantota,LK,2023-03-09 21:03:55,6.1241,81.1185,25.43,80,100,6.43
313,Sørland,NO,2023-03-09 21:03:56,67.667,12.6934,-1.08,69,100,9.5
314,Kemijärvi,FI,2023-03-09 21:00:14,66.7131,27.4306,-11.28,92,100,4.07
315,Tacoronte,ES,2023-03-09 21:03:56,28.4769,-16.4102,16.75,66,0,2.68
316,Dandong,CN,2023-03-09 21:03:56,40.1292,124.3947,2.76,85,6,0.97
317,Cap Malheureux,MU,2023-03-09 21:03:56,-19.9842,57.6142,25.82,89,100,0.45
318,Nador,MA,2023-03-09 21:00:33,35.174,-2.9287,19.14,68,0,5.66
319,Les Cayes,HT,2023-03-09 21:03:56,18.2,-73.75,28.7,46,15,0.56
320,Brigantine,US,2023-03-09 21:03:56,39.4101,-74.3646,12.89,60,0,7.2
321,Vitim,RU,2023-03-09 21:03:56,59.4511,112.5578,-16.94,86,84,4.03
322,Orlik,RU,2023-03-09 21:02:41,52.5178,99.825,-18.94,91,100,1.68
323,Portel,BR,2023-03-09 21:03:57,-1.9356,-50.8211,25.41,94,93,1.69
324,Korla,CN,2023-03-09 21:03:57,41.7597,86.1469,9.67,41,100,7.29
325,Teacapan,MX,2023-03-09 21:03:57,22.55,-105.75,24.8,48,54,4.52
326,Katobu,ID,2023-03-09 21:03:57,-4.9408,122.5276,23.82,93,19,1.29
327,Mana,GF,2023-03-09 21:03:57,5.6592,-53.7767,25.83,75,71,4.26
328,Santa Cruz del Norte,CU,2023-03-09 21:03:57,23.1539,-81.9236,25.11,69,93,8.45
329,Saint-Raymond,CA,2023-03-09 21:03:57,45.467,-73.6095,2.73,66,100,2.63
330,Angoram,PG,2023-03-09 21:03:58,-4.0625,144.0661,23.37,98,98,0.56
331,Mingora,PK,2023-03-09 21:03:58,34.7758,72.3625,13.59,34,88,3.32
332,Nueva Italia,PY,2023-03-09 21:01:42,-25.6167,-57.5,27.57,67,63,2.03
333,Petrozavodsk,RU,2023-03-09 20:59:56,61.7849,34.3469,-12.3,79,33,3.0
334,Kenai,US,2023-03-09 21:03:58,60.5544,-151.2583,4.05,69,0,1.54
335,Krasnorechenskiy,RU,2023-03-09 21:03:58,44.6265,135.3532,-7.43,97,100,1.34
336,Fare,PF,2023-03-09 21:03:58,-16.7,-151.0167,28.25,72,100,5.34
337,Katherine,AU,2023-03-09 21:03:58,-14.4667,132.2667,21.18,94,97,0.0
338,Bokoro,TD,2023-03-09 21:03:59,12.3807,17.0568,30.71,11,48,5.99
339,Açu,BR,2023-03-09 21:03:59,-5.5767,-36.9086,30.32,53,100,3.86
340,Port Lincoln,AU,2023-03-09 21:03:59,-34.7333,135.8667,16.38,81,73,2.66
341,Kresttsy,RU,2023-03-09 21:03:59,58.2452,32.5165,-11.59,99,98,1.57
342,Tilichiki,RU,2023-03-09 21:03:59,60.4667,166.1,-12.88,89,94,2.51
343,Pochutla,MX,2023-03-09 21:03:59,15.7432,-96.4661,31.01,45,23,3.77
344,Arona,ES,2023-03-09 21:03:59,28.0996,-16.681,16.51,71,20,3.09
345,Binzhou,CN,2023-03-09 21:00:36,37.3667,118.0167,14.05,19,17,4.57
346,Paamiut,GL,2023-03-09 21:04:00,61.994,-49.6678,-4.65,75,100,5.04
347,Halifax,CA,2023-03-09 21:00:24,44.6453,-63.5724,2.47,71,74,3.58
348,Zyryanka,RU,2023-03-09 21:04:00,65.75,150.85,-34.57,96,11,3.29
349,Merrill,US,2023-03-09 21:04:00,45.1805,-89.6835,2.67,50,100,6.17
350,Nang Rong,TH,2023-03-09 21:04:01,14.6377,102.7914,20.5,64,0,2.79
351,Inhambane,MZ,2023-03-09 21:04:01,-23.865,35.3833,24.88,93,21,3.69
352,Neiafu,TO,2023-03-09 21:04:01,-18.65,-173.9833,29.38,70,40,4.12
353,Saint-Joseph,RE,2023-03-09 21:04:02,-21.3667,55.6167,24.15,88,99,4.39
354,Baykit,RU,2023-03-09 21:04:02,61.67,96.37,-20.07,91,90,3.65
355,Luba,GQ,2023-03-09 21:04:02,3.4568,8.5547,27.21,84,25,1.5
356,Kavaratti,IN,2023-03-09 21:04:02,10.5669,72.642,27.39,68,74,2.73
357,Laguna,US,2023-03-09 21:04:03,38.421,-121.4238,13.36,65,100,6.17
358,Leshukonskoye,RU,2023-03-09 21:04:03,64.8989,45.7622,-8.31,93,100,3.36
359,Nanortalik,GL,2023-03-09 21:04:03,60.1432,-45.2371,-1.86,75,100,3.85
360,Ambon City,ID,2023-03-09 21:02:45,-3.6954,128.1814,25.08,94,40,3.09
361,Fairbanks,US,2023-03-09 21:04:03,64.8378,-147.7164,-3.0,89,100,5.14
362,Tondano,ID,2023-03-09 21:04:04,1.3038,124.9112,19.05,94,9,0.47
363,Port Pirie,AU,2023-03-09 21:04:04,-33.1833,138.0167,15.87,70,0,2.64
364,Sítio Novo do Tocantins,BR,2023-03-09 21:04:04,-5.5183,-47.4611,25.91,88,94,1.16
365,Birin,NP,2023-03-09 21:04:04,26.8865,88.0718,12.65,42,0,2.72
366,Lavrentiya,RU,2023-03-09 21:04:04,65.5833,-171.0,-17.32,86,31,1.88
367,Camacha,PT,2023-03-09 21:04:04,33.0833,-16.3333,16.68,88,20,2.06
368,Banda Aceh,ID,2023-03-09 21:04:05,5.5577,95.3222,25.54,77,84,3.65
369,Boguchany,RU,2023-03-09 21:02:58,58.3814,97.4531,-23.66,97,24,2.72
370,Sokur,RU,2023-03-09 21:04:05,55.2093,83.319,-8.8,97,61,3.33
371,Mareeba,AU,2023-03-09 21:04:05,-17.0,145.4333,23.02,94,7,1.08
372,Dzaoudzi,YT,2023-03-09 21:04:05,-12.7887,45.2699,26.94,78,75,1.54
373,Pryazha,RU,2023-03-09 21:04:05,61.6926,33.6216,-18.96,99,65,1.82
374,Salalah,OM,2023-03-09 21:00:43,17.0151,54.0924,23.12,75,4,0.41
375,Laas,IT,2023-03-09 21:04:05,46.6166,10.7002,5.76,86,80,0.81
376,Lexington,US,2023-03-09 21:01:56,37.9887,-84.4777,16.94,34,73,2.24
377,Nālūt,LY,2023-03-09 21:04:05,30.3333,10.85,20.29,35,0,3.27
378,Cherskiy,RU,2023-03-09 21:04:06,68.75,161.3,-22.15,98,100,0.96
379,Port Elizabeth,ZA,2023-03-09 21:04:06,-33.918,25.5701,18.51,90,0,1.34
380,Anderson,US,2023-03-09 21:04:06,34.5334,-82.6499,18.42,32,100,3.09
381,Palmerston,AU,2023-03-09 21:04:06,-12.486,130.9833,23.99,94,20,1.54
382,Iquitos,PE,2023-03-09 21:00:12,-3.7481,-73.2472,28.14,74,98,1.33
383,Dargaville,NZ,2023-03-09 21:04:06,-35.9333,173.8833,19.13,94,100,4.27
384,Nichinan,JP,2023-03-09 21:04:06,31.6,131.3667,12.28,83,0,2.49
385,Pimentel,PE,2023-03-09 21:04:06,-6.8367,-79.9342,25.92,79,100,6.56
386,Nelson Bay,AU,2023-03-09 21:04:07,-32.7167,152.15,22.78,80,100,6.71
387,Nemuro,JP,2023-03-09 21:04:07,43.3236,145.575,-0.19,93,100,4.82
388,Baytown,US,2023-03-09 21:04:03,29.7355,-94.9774,30.63,62,38,5.17
389,Promissão,BR,2023-03-09 21:01:04,-21.5367,-49.8581,25.26,81,25,2.51
390,Ascension,US,2023-03-09 21:04:07,30.2169,-90.9001,30.6,53,40,3.6
391,Östersund,SE,2023-03-09 21:00:14,63.1792,14.6357,-11.75,92,0,3.6
392,Shizuishan,CN,2023-03-09 21:04:07,39.2333,106.7694,10.25,21,0,4.99
393,Palu,ID,2023-03-09 21:04:07,-0.8917,119.8707,23.43,95,73,1.05
394,Half Moon Bay,US,2023-03-09 21:04:07,37.4636,-122.4286,10.55,87,100,11.32
395,Peniche,PT,2023-03-09 21:04:07,39.3558,-9.3811,15.72,96,90,4.82
396,Cairns,AU,2023-03-09 21:04:08,-16.9167,145.7667,25.59,96,2,0.51
397,Ouidah,BJ,2023-03-09 21:04:08,6.3631,2.0851,27.72,78,34,2.56
398,Pozo Colorado,PY,2023-03-09 21:04:08,-23.4923,-58.7972,29.91,73,11,2.27
399,Bud,US,2023-03-09 21:04:08,39.447,-86.1758,12.08,44,100,5.81
400,Lorengau,PG,2023-03-09 21:04:09,-2.0226,147.2712,27.38,77,97,1.14
401,Esim,GH,2023-03-09 21:04:09,4.8699,-2.2405,26.95,85,68,1.25
402,Weligama,LK,2023-03-09 21:00:40,5.9667,80.4167,23.96,85,100,3.56
403,Gladstone,AU,2023-03-09 21:04:10,-23.85,151.25,24.32,83,19,2.57
404,Sept-Îles,CA,2023-03-09 21:04:10,50.2001,-66.3821,2.81,71,99,4.92
405,Hailar,CN,2023-03-09 21:04:10,49.2,119.7,-4.95,94,100,4.01
406,Isangel,VU,2023-03-09 21:04:10,-19.55,169.2667,26.4,60,0,4.03
407,Pacific Grove,US,2023-03-09 21:04:10,36.6177,-121.9166,10.57,88,100,7.6
408,Ahipara,NZ,2023-03-09 21:04:10,-35.1667,173.1667,19.92,96,100,6.47
409,Vila Real,PT,2023-03-09 21:00:09,41.3006,-7.7441,11.18,85,100,5.01
410,San Quintín,MX,2023-03-09 21:04:11,30.4833,-115.95,16.5,60,35,6.17
411,Nanchang,CN,2023-03-09 21:01:34,28.6833,115.8833,15.86,64,11,1.38
412,Senneterre,CA,2023-03-09 21:04:11,48.3835,-77.2328,-4.27,91,100,3.75
413,Guiratinga,BR,2023-03-09 21:04:11,-16.3494,-53.7583,25.62,80,97,0.32
414,Concarneau,FR,2023-03-09 21:04:11,47.875,-3.9225,11.44,82,100,14.24
415,Bagé,BR,2023-03-09 21:04:11,-31.3314,-54.1069,26.88,65,20,10.8
416,Quelimane,MZ,2023-03-09 21:04:12,-17.8786,36.8883,25.69,81,100,4.71
417,Dārāb,IR,2023-03-09 21:01:35,28.7519,54.5444,18.28,34,100,2.48
418,Makarska,HR,2023-03-09 21:04:12,43.2969,17.0178,13.55,85,100,4.29
419,Vardø,NO,2023-03-09 21:04:12,70.3705,31.1107,-8.01,73,40,7.2
420,Snezhnogorsk,RU,2023-03-09 21:04:12,69.1933,33.2531,-11.12,95,100,2.55
421,Voh,NC,2023-03-09 21:04:12,-20.9667,164.7,26.51,67,6,1.75
422,Eureka,US,2023-03-09 21:04:12,40.8021,-124.1637,12.34,89,100,5.79
423,Bontang,ID,2023-03-09 21:04:12,0.1333,117.5,24.62,88,65,1.99
424,Karaman Province,TR,2023-03-09 20:56:10,37.0833,33.25,7.79,59,87,2.39
425,Talnakh,RU,2023-03-09 21:04:13,69.4865,88.3972,-22.91,97,100,5.98
426,Danielskuil,ZA,2023-03-09 21:04:13,-28.1887,23.5395,17.58,20,0,1.97
427,Poplar Bluff,US,2023-03-09 21:04:13,36.757,-90.3929,8.88,87,100,0.0
428,Jodhpur,IN,2023-03-09 21:00:30,26.2867,73.03,22.34,24,0,2.45
429,Alto Araguaia,BR,2023-03-09 21:04:13,-17.3147,-53.2153,24.48,81,74,1.96
430,Cockburn Town,TC,2023-03-09 21:04:13,21.4612,-71.1419,23.6,60,55,7.53
431,Jerome,US,2023-03-09 21:04:13,42.7241,-114.5186,5.94,74,0,9.26
432,Itaueira,BR,2023-03-09 21:04:13,-7.6033,-43.0256,30.47,43,73,2.08
433,Oussouye,SN,2023-03-09 21:04:13,12.485,-16.5469,24.57,52,1,3.26
434,Hemet,US,2023-03-09 21:04:14,33.7475,-116.972,22.51,26,41,2.24
435,Clovis,US,2023-03-09 21:00:29,36.8252,-119.7029,16.93,54,100,5.14
436,Iqaluit,CA,2023-03-09 21:04:14,63.7506,-68.5145,-13.15,78,0,11.32
437,Maralal,KE,2023-03-09 21:04:14,1.0968,36.698,16.21,73,52,2.56
438,Graaff-Reinet,ZA,2023-03-09 21:04:14,-32.2522,24.5308,16.07,77,0,2.25
439,Malbork,PL,2023-03-09 21:00:01,54.0359,19.0266,2.24,70,100,3.18
440,Tiarei,PF,2023-03-09 21:04:14,-17.5333,-149.3333,30.01,80,66,5.92
441,Behshahr,IR,2023-03-09 21:04:14,36.6923,53.5526,11.67,87,100,2.6
442,Walvis Bay,NA,2023-03-09 21:04:14,-22.9575,14.5053,16.72,72,0,7.96
443,Nidzica,PL,2023-03-09 21:04:15,53.3605,20.4275,-0.68,57,100,2.8
444,Kimbe,PG,2023-03-09 21:04:15,-5.5502,150.1429,25.01,91,100,0.56
445,Mogadishu,SO,2023-03-09 21:00:40,2.0371,45.3438,25.85,87,59,8.44
446,Taunggyi,MM,2023-03-09 21:04:15,20.7833,97.0333,15.46,37,70,0.84
447,Rosario,AR,2023-03-09 21:03:32,-32.9468,-60.6393,37.75,21,0,0.89
448,Māngrol,IN,2023-03-09 21:04:15,21.1167,70.1167,25.01,38,0,3.93
449,Qurayyat,SA,2023-03-09 21:04:15,31.3318,37.3428,12.62,62,0,3.82
450,Grand Gaube,MU,2023-03-09 21:04:16,-20.0064,57.6608,25.77,89,100,0.45
451,Chegdomyn,RU,2023-03-09 21:00:21,51.1167,133.0167,-17.82,96,50,1.09
452,Glace Bay,CA,2023-03-09 21:04:16,46.1969,-59.957,1.82,76,23,6.71
453,Adrar,MR,2023-03-09 21:04:17,20.5022,-10.0711,25.83,10,0,5.01
454,Nome,US,2023-03-09 21:04:17,64.5011,-165.4064,-14.91,99,40,0.0
455,Brufut,GM,2023-03-09 21:04:17,13.3814,-16.7518,28.05,36,0,3.09
456,Thornton,US,2023-03-09 21:01:56,39.868,-104.9719,13.64,18,0,6.17
457,Araouane,ML,2023-03-09 21:04:17,18.9048,-3.5265,26.95,6,0,3.97
458,Acapulco de Juárez,MX,2023-03-09 21:03:52,16.8634,-99.8901,28.9,61,20,4.12
459,Wahiawā,US,2023-03-09 21:04:17,21.5028,-158.0236,24.18,60,75,4.63
460,Dalvik,IS,2023-03-09 21:03:01,65.9702,-18.5286,-7.46,74,100,9.87
461,Mayumba,GA,2023-03-09 21:04:18,-3.432,10.6554,25.25,90,96,0.38
462,Aswān,EG,2023-03-09 20:58:14,24.0934,32.907,21.39,21,0,2.64
463,Dhidhdhoo,MV,2023-03-09 21:04:18,6.8833,73.1,27.1,77,25,3.48
464,Healdsburg,US,2023-03-09 21:01:00,38.6105,-122.8692,8.98,84,100,3.09
465,Dukat,RU,2023-03-09 21:04:18,62.55,155.55,-24.97,74,0,3.41
466,Ashland,US,2023-03-09 21:04:18,40.8167,-82.2665,9.3,65,34,4.05
467,Mayskiy,RU,2023-03-09 21:04:18,47.6931,40.1025,8.67,89,16,3.4
468,Grajaú,BR,2023-03-09 21:04:18,-5.8194,-46.1386,26.79,80,98,1.62
469,Umluj,SA,2023-03-09 21:04:18,25.0213,37.2685,20.25,48,0,5.0
470,Diego de Almagro,CL,2023-03-09 21:04:19,-26.3667,-70.05,26.37,35,0,6.52
471,Saint-Pierre,RE,2023-03-09 21:04:19,-21.3393,55.4781,24.76,94,75,5.14
472,Olinda,BR,2023-03-09 20:59:40,-8.0089,-34.8553,28.85,61,75,5.14
473,Adolfo López Mateos,MX,2023-03-09 21:04:19,28.4667,-107.3,22.74,19,100,8.38
474,Road Town,VG,2023-03-09 21:04:19,18.4167,-64.6167,27.05,65,40,4.12
475,Kamina,CD,2023-03-09 21:04:19,-8.7386,24.9906,18.48,93,100,0.72
476,Sansepolcro,IT,2023-03-09 21:04:19,43.5747,12.143,14.38,75,100,2.65
477,Gomel,BY,2023-03-09 21:04:19,52.4345,30.9754,-1.63,92,100,4.44
478,Valleyview,CA,2023-03-09 21:04:19,55.0667,-117.2859,-9.12,74,100,4.92
479,Udachny,RU,2023-03-09 21:04:20,66.4167,112.4,-16.9,97,100,2.99
480,Lodwar,KE,2023-03-09 21:04:20,3.1191,35.5973,30.53,38,4,3.73
481,Necochea,AR,2023-03-09 21:00:47,-38.5473,-58.7368,23.06,56,100,5.15
482,Palembang,ID,2023-03-09 21:02:51,-2.9167,104.7458,24.05,100,40,0.0
483,Makakilo City,US,2023-03-09 21:04:20,21.3469,-158.0858,25.18,55,75,7.2
484,Kasongo,CD,2023-03-09 21:04:20,-4.45,26.6667,20.64,94,98,1.15
485,Noumea,NC,2023-03-09 21:00:41,-22.2763,166.4572,27.22,99,9,2.71
486,Babu,CN,2023-03-09 21:04:21,24.4167,111.5167,19.8,58,15,1.06
487,Senanga,ZM,2023-03-09 21:04:21,-16.1167,23.2667,20.36,91,100,0.44
488,Mandalgovi,MN,2023-03-09 21:04:21,45.7625,106.2708,-7.12,56,12,12.11
489,Parintins,BR,2023-03-09 21:04:21,-2.6283,-56.7358,28.38,79,92,0.86
490,Wanning,CN,2023-03-09 21:04:21,18.8003,110.3967,18.08,85,5,1.38
491,Methóni,GR,2023-03-09 21:01:23,36.8197,21.7049,14.56,86,73,2.64
492,Karratha,AU,2023-03-09 21:04:21,-20.7377,116.8463,29.28,62,58,2.14
493,Samarai,PG,2023-03-09 21:04:21,-10.6167,150.6667,27.7,76,39,2.64
494,Nagtipunan,PH,2023-03-09 21:04:22,16.2167,121.6,19.85,98,81,1.15
495,Fuerte Olimpo,PY,2023-03-09 21:04:22,-21.0415,-57.8738,28.28,77,53,2.88
496,Lucapa,AO,2023-03-09 21:04:22,-8.4192,20.7447,19.71,94,90,0.43
497,Palauig,PH,2023-03-09 21:04:22,15.435,119.9045,23.25,75,1,2.35
498,Krutinka,RU,2023-03-09 21:04:22,56.0055,71.5113,-4.68,80,100,7.32
499,Mozarlândia,BR,2023-03-09 21:04:23,-14.7447,-50.5706,24.55,87,100,2.32
500,Evensk,RU,2023-03-09 21:04:24,61.95,159.2333,-24.48,94,49,2.39
501,Boende,CD,2023-03-09 21:04:24,-0.2167,20.8667,21.64,97,100,0.45
502,Rosário do Sul,BR,2023-03-09 21:04:24,-30.2583,-54.9142,34.48,29,0,2.95
503,Tokmak,UA,2023-03-09 21:04:24,47.2514,35.7058,9.11,74,10,5.0
504,Yining,CN,2023-03-09 21:04:24,29.0361,114.5636,14.09,80,56,0.91
505,Flin Flon,CA,2023-03-09 21:04:24,54.7682,-101.865,-10.36,80,100,2.71
506,Loukhi,RU,2023-03-09 21:04:24,66.0764,33.0381,-11.41,87,97,3.96
507,Candelaria,PH,2023-03-09 21:04:24,13.9311,121.4233,20.64,94,6,2.06
508,Lerwick,GB,2023-03-09 21:04:25,60.1545,-1.1494,-1.0,62,73,3.62
509,Ooty,IN,2023-03-09 21:04:25,11.4,76.7,8.49,76,88,0.55
510,Auki,SB,2023-03-09 21:04:25,-8.7676,160.7034,24.33,93,100,0.93
511,Dicabisagan,PH,2023-03-09 21:04:25,17.0818,122.4157,22.16,89,98,3.71
512,Mehamn,NO,2023-03-09 21:04:25,71.0357,27.8492,-7.05,87,100,3.3
513,Rawlins,US,2023-03-09 21:04:25,41.7911,-107.2387,-4.06,58,0,7.2
514,Gold Coast,AU,2023-03-09 21:04:25,-28.0,153.4333,24.46,88,94,3.09
515,Pandan,PH,2023-03-09 21:04:26,14.0453,124.1694,23.77,84,46,5.56
516,Thunder Bay,CA,2023-03-09 21:04:26,48.4001,-89.3168,-3.12,79,100,3.15
517,Penzance,GB,2023-03-09 21:03:38,50.1186,-5.5371,10.38,92,96,13.39
518,Koungou,YT,2023-03-09 21:04:26,-12.7336,45.2042,26.84,78,75,1.54
519,Jiuquan,CN,2023-03-09 21:00:30,39.7432,98.5174,3.42,48,0,2.74
520,Sisimiut,GL,2023-03-09 21:04:26,66.9395,-53.6735,-12.36,84,3,4.08
521,Manono,CD,2023-03-09 21:04:26,-7.3,27.4167,21.51,90,94,0.62
522,Saint-Gabriel,CA,2023-03-09 21:02:17,46.3001,-73.3824,0.79,87,100,2.43
523,Baghdad,IQ,2023-03-09 20:57:05,33.3406,44.4009,15.95,63,0,1.54
524,Jalu,LY,2023-03-09 21:04:26,29.0331,21.5482,17.48,45,0,1.8
